Motif,Coefficient
GTATACCTA,0.5049311646322592
CTACTTCA,0.30165202986632866
TGTAHMNTA,-0.2369624308690211
TCATGTAT,0.21327620249890192
TGTATAWT,-0.17161786665810602
WTTGTAWTWT,-0.16834632270119146
TGCAT,-0.16230895642414425
TGTAAATA,0.1201288742997816
TAATAATW,-0.10655192064697158
HWNCATTWY,-0.0801691498669827
HTTTTTTYW,-0.07138345595890798
ATATTC,-0.06900366002321381
WTATATAW,0.03105251912883985
