term,estimate,std.error,statistic,p.value,total_count
CTTCATTTC,-0.5219530428927185,0.18475826070891888,-2.8250593012186878,0.004744599615305538,14
ATTCATTTC,-0.44858613651632917,0.16244146388413086,-2.7615248335628437,0.005772735590769471,22
TAGCATTTT,-0.43110403642740885,0.16578988072254325,-2.6003036768503422,0.009339606242286962,19
TTGCATTTT,-0.27618096275281145,0.10840739197249954,-2.5476211329101264,0.010873603930985022,46
CTGCATTTT,-0.4791313217946556,0.18980962607293553,-2.524273039822261,0.011622324113654353,15
TTTCATTTC,-0.2704768217825009,0.11028404555973194,-2.45254715140102,0.014216418674733142,42
AAACATTTC,-0.46698239893821497,0.19902771558102456,-2.3463184389920086,0.018996002011550755,13
CTGCATTAT,-0.5392041873987566,0.2321724414976618,-2.3224297591933922,0.02024694069379672,10
TTTCATTTT,-0.14467163861736512,0.06924542486291493,-2.0892591662737483,0.03673127589285079,103
CTGCATTTC,-0.6393434103703693,0.3076968608710823,-2.0778353362475124,0.0377718466118106,6
TTACATTAC,-0.4301820519788247,0.20854288522255846,-2.0627989850611845,0.039179624296508,18
TTCCATTAT,0.3732490593374291,0.182601802656203,2.0440601018609375,0.04099620779193528,15
ATGCATTTT,-0.2602374682226818,0.1273728165062327,-2.043116226529761,0.04108956678760431,31
CATCATTAT,-0.3808842997069384,0.19326676606394133,-1.9707697679430551,0.048801411663247876,16
ATTCATTAT,-0.2268889850041615,0.11534327942100325,-1.9670758985100132,0.04922578050186876,39
