term,estimate,std.error,statistic,p.value,total_count
TGTATATTA,-0.519224408267223,0.0828340865921066,-6.268245714158702,3.9320071575366207e-10,83
TGTATCATA,-0.6749020684889169,0.16525358253060143,-4.084038954882805,4.489416436954037e-5,17
TGTATAATA,-0.27914987378159734,0.08189227252659073,-3.4087449910607415,6.573563132976273e-4,72
TGTACCATA,-0.9869745958187188,0.303520923756227,-3.2517514232771902,0.0011539426815343453,6
TGTACACTA,-0.5674803324830962,0.1955726785360035,-2.9016339947434284,0.00372709307097984,16
TGTACAATA,-0.3778324393002419,0.1360979370753665,-2.7761805022144523,0.005518944170867633,27
TGTAACATA,-0.4450310440030881,0.16456837960969914,-2.7042317914203937,0.0068675176741602156,19
TGTATACTA,-0.3026640138663415,0.1152295977067717,-2.626616944689332,0.00864797175597005,36
TGTACATTA,-0.29422403645832523,0.1338031344319269,-2.198932317299438,0.027924609814945867,26
