term,estimate,std.error,statistic,p.value,total_count
TGTATATTA,-0.5192,0.08283,-6.26799,0,83
TGTATCATA,-0.67490000000000006,0.16525,-4.08406,4e-5,17
TGTATAATA,-0.27914,0.08189,-3.40864,6.6e-4,72
TGTACCATA,-0.98705,0.30352,-3.25202,0.00115,6
TGTACACTA,-0.5675,0.19557,-2.90176,0.00373,16
TGTACAATA,-0.37788,0.1361,-2.7765,0.00551,27
TGTAACATA,-0.44503,0.16457,-2.70425,0.00687,19
TGTATACTA,-0.30274,0.11523,-2.62731,0.00863,36
TGTACATTA,-0.29426,0.1338,-2.19918,0.02791,26
